id,joint,cad_leg,default_channel,recorded_assembly_channel,actuator,home_us,home_model_deg,home_cd,projected_min_model_deg,projected_max_model_deg,provisional_us_per_degree,pulse_at_min_noninverted,pulse_at_max_noninverted,recorded_min_model_deg,recorded_max_model_deg,recorded_pulse_min_us,recorded_pulse_max_us,direction,limits
0,rear_left_shoulder,FL,0,,h_Part002,1300,0,0,-110,110,11.11111111111111,77.778,2522.222,-96.990919868607,25.10829248626261,222.323,1578.981,non-inverted default; verify installed direction before indexing,carrier/crank coupled; shoulder body sweep unqualified
1,rear_left_carrier,FL,1,,alpha_Part006,1300,1.17,117,-55,162,11.11111111111111,675.889,3087.0,-79.02302465804384,135.37104396384453,408.966,2791.123,non-inverted default; verify installed direction before indexing,carrier/crank coupled; shoulder body sweep unqualified
2,rear_left_crank,FL,2,,theta_Part005,1300,-40.41,-4041,-50,136,11.11111111111111,1193.444,3260.111,-128.1133308333266,101.29499761671912,325.519,2874.5,non-inverted default; verify installed direction before indexing,carrier/crank coupled; shoulder body sweep unqualified
3,rear_right_shoulder,FR,3,,h_Part002,1300,0,0,-110,110,11.11111111111111,77.778,2522.222,-96.990919868607,25.10829248626261,222.323,1578.981,non-inverted default; verify installed direction before indexing,carrier/crank coupled; shoulder body sweep unqualified
4,rear_right_carrier,FR,4,,alpha_Part006,1300,1.17,117,-55,162,11.11111111111111,675.889,3087.0,-79.02302465804384,135.37104396384453,408.966,2791.123,non-inverted default; verify installed direction before indexing,carrier/crank coupled; shoulder body sweep unqualified
5,rear_right_crank,FR,5,,theta_Part005,1300,-40.41,-4041,-50,136,11.11111111111111,1193.444,3260.111,-128.1133308333266,101.29499761671912,325.519,2874.5,non-inverted default; verify installed direction before indexing,carrier/crank coupled; shoulder body sweep unqualified
6,front_left_shoulder,RL,6,6,h_Part002,1300,0,0,-110,110,11.11111111111111,77.778,2522.222,-96.990919868607,25.10829248626261,222.323,1578.981,non-inverted default; verify installed direction before indexing,carrier/crank coupled; shoulder body sweep unqualified
7,front_left_carrier,RL,7,7,alpha_Part006,1300,1.17,117,-55,162,11.11111111111111,675.889,3087.0,-79.02302465804384,135.37104396384453,408.966,2791.123,non-inverted default; verify installed direction before indexing,carrier/crank coupled; shoulder body sweep unqualified
8,front_left_crank,RL,8,8,theta_Part005,1300,-40.41,-4041,-50,136,11.11111111111111,1193.444,3260.111,-128.1133308333266,101.29499761671912,325.519,2874.5,non-inverted default; verify installed direction before indexing,carrier/crank coupled; shoulder body sweep unqualified
9,front_right_shoulder,RR,9,,h_Part002,1300,0,0,-110,110,11.11111111111111,77.778,2522.222,-96.990919868607,25.10829248626261,222.323,1578.981,non-inverted default; verify installed direction before indexing,carrier/crank coupled; shoulder body sweep unqualified
10,front_right_carrier,RR,10,,alpha_Part006,1300,1.17,117,-55,162,11.11111111111111,675.889,3087.0,-79.02302465804384,135.37104396384453,408.966,2791.123,non-inverted default; verify installed direction before indexing,carrier/crank coupled; shoulder body sweep unqualified
11,front_right_crank,RR,11,,theta_Part005,1300,-40.41,-4041,-50,136,11.11111111111111,1193.444,3260.111,-128.1133308333266,101.29499761671912,325.519,2874.5,non-inverted default; verify installed direction before indexing,carrier/crank coupled; shoulder body sweep unqualified
